Wall time,Step,Value
1645134974.201062,0,0.8809523582458496
1645135040.383404,1,0.9238095283508301
1645135095.471195,2,0.9428571462631226
1645135144.803003,3,0.9333333373069763
1645135191.687503,4,0.9285714030265808
1645135237.733248,5,0.9333333373069763
1645135283.711658,6,0.9714285731315613
1645135329.523395,7,0.961904764175415
1645135374.717974,8,0.9238095283508301
1645135420.579728,9,0.961904764175415
1645135480.50117,10,0.9571428298950195
1645135537.457926,11,0.9142857193946838
1645135587.356078,12,0.976190447807312
1645135635.467125,13,0.976190447807312
1645135683.34141,14,0.9809523820877075
1645135730.768994,15,0.976190447807312
1645135777.736751,16,0.9666666388511658
1645135824.413466,17,0.961904764175415
1645135874.250695,18,0.938095211982727
1645135930.794325,19,0.9476190209388733
1645135979.371519,20,0.976190447807312
1645136026.636925,21,0.9809523820877075
1645136071.866614,22,0.9666666388511658
1645136117.24659,23,0.9857142567634583
1645136163.209559,24,0.9714285731315613
1645136209.037977,25,0.9666666388511658
1645136254.742907,26,0.9666666388511658
1645136301.230474,27,0.9714285731315613
1645136348.539358,28,0.9714285731315613
1645136394.96263,29,0.9714285731315613
