Wall time,Step,Value
1645046181.749249,0,0.7362499833106995
1645046287.70695,1,0.7679799795150757
1645046382.425193,2,0.7879924774169922
1645046469.002905,3,0.8192620277404785
1645046553.842655,4,0.8389618396759033
1645046641.971295,5,0.8545966148376465
1645046725.379101,6,0.8714821934700012
1645046800.251439,7,0.8712499737739563
1645046871.362013,8,0.8805503249168396
1645046938.326074,9,0.8936835527420044
1645047001.58839,10,0.8880550265312195
1645047058.559732,11,0.8946216106414795
1645047116.878337,12,0.8971874713897705
1645047175.039201,13,0.8989993929862976
1645047229.216029,14,0.9011882543563843
1645047285.530108,15,0.9096875190734863
1645047343.023791,16,0.9046875238418579
1645047398.447362,17,0.9077548384666443
1645047451.188701,18,0.9068167805671692
1645047515.504176,19,0.8983739614486694
1645047582.017574,20,0.9084374904632568
1645047639.817889,21,0.9065625071525574
1645047694.76836,22,0.9225000143051147
1645047752.347764,23,0.9137499928474426
1645047809.019193,24,0.9215134382247925
1645047867.518154,25,0.922764241695404
1645047923.007581,26,0.9255784749984741
1645047980.422493,27,0.9231250286102295
1645048035.904006,28,0.9212007522583008
1645048089.733008,29,0.9318749904632568
